ref_client,nom,prenom,age,metier,situation_familiale,email,telephone,contrats_souscrits
CLI01000,Rolland,Andrée,46,Comptable,Célibataire,iimbert@example.com,0545603114,Prévoyance
CLI01001,Le Roux,Michelle,74,Agriculteur,Célibataire,andreemmanuel@example.org,1234567890,"Auto, Habitation, Santé, Vie"
CLI01002,Guyot,Clémence,61,Entrepreneur,En couple,ublondel@example.com,+33 1 80 41 86 26,Auto
CLI01003,Duval,Tristan,24,Chauffeur,,vollivier@example.org,+33 (0)4 66 64 29 98,"Vie, Prévoyance, Habitation, Épargne"
CLI01004,Letellier,Marcelle,68,Agriculteur,Célibataire,ahebert@example.com,+33 4 93 19 60 73,Vie
CLI01005,Adam,Paul,25,Cadre,En couple,xblanc@example.net,+33 2 45 34 19 82,"Épargne, Habitation"
CLI01006,Pires,Pierre,62,Entrepreneur,En couple,morvanrene@example.net,0231666398,"Habitation, Vie"
CLI01007,Martel,Roland,26,Cadre,Marié(e),bernardlacombe@example.com,0383119868,"Vie, Auto"
CLI01008,Faivre,Pauline,70,Entrepreneur,Marié(e),blinmichele@example.net,+33 (0)1 78 11 57 89,"Auto, Épargne"
CLI01009,Charles,Emmanuel,57,Chauffeur,En couple,bonneaumargot@example.net,+33 (0)2 44 21 70 49,"Épargne, Vie"
CLI01010,Colin,Nath,43,Comptable,Veuf/Veuve,gerardanastasie@example.com,+33 3 82 13 14 44,"Vie, Prévoyance, Santé"
CLI01011,Lemoine,Louise,73,Enseignant,Veuf/Veuve,dorotheelemonnier@example.org,+33 (0)2 57 69 76 85,"Prévoyance, Vie, Auto"
CLI01012,Thierry,Dorothée,61,,,emilie47@example.net,+33 (0)5 18 39 95 75,"Auto, Retraite, Habitation, Santé"
CLI01013,Pereira,Michelle,38,Étudiant,Divorcé(e),,0361470922,"Vie, Retraite"
CLI01014,Dumas,Élodie,57,Enseignant,Marié(e),josettegomes@example.org,0469118262,"Auto, Habitation"
CLI01015,Duhamel,Thibault,39,Artiste,En couple,,0546558684,Vie
CLI01016,Camus,Richard,67,Agriculteur,Veuf/Veuve,dianegiraud@example.net,06 49 74 78 06,"Habitation, Auto"
CLI01017,Lopes,Roland,72,Chauffeur,Divorcé(e),bernard09@example.com,+33 (0)3 68 25 17 04,"Prévoyance, Santé, Habitation"
CLI01018,Louis,Honoré,26,Entrepreneur,Divorcé(e),adrien90@example.net,+33 4 32 66 00 91,"Vie, Santé"
CLI01019,Blanchet,Théophile,39,Agriculteur,Marié(e),boulayyves@example.com,0231481868,"Épargne, Prévoyance"
CLI01020,Guillot,Olivier,58,Artiste,En couple,fernandesalphonse@example.net,+33 1 58 37 49 75,Retraite
CLI01021,Prévost,Daniel,34,Étudiant,Veuf/Veuve,kgrondin@example.com,+33 (0)5 63 84 43 09,"Habitation, Auto, Santé"
CLI01022,Vincent,Alix,58,Développeur,Marié(e),capucine36@example.com,06 95 06 84 66,Santé
CLI01023,Giraud,Brigitte,46,Avocat,Marié(e),lucbonnet@example.net,0561063952,"Prévoyance, Retraite"
CLI01024,Guillet,Madeleine,72,Architecte,Marié(e),opineau@example.com,+33 (0)3 69 36 47 12,
CLI01025,Philippe,Nathalie,22,Retraité,Veuf/Veuve,nmarty@example.com,,"Prévoyance, Vie"
CLI01026,Picard,Chantal,35,Fonctionnaire,Célibataire,unguyen@example.net,+33 4 66 91 34 33,"Auto, Santé"
CLI01027,Mercier,Denis,66,,En couple,,+33 2 54 25 62 00,"Habitation, Santé, Épargne"
CLI01028,Andre,Antoine,32,Restaurateur,Célibataire,,+33 (0)2 48 40 55 34,"Vie, Habitation"
CLI01029,Léger,André,80,Fonctionnaire,,marine40@example.net,0253392985,"Habitation, Auto"
CLI01030,Colas,William,43,Développeur,Veuf/Veuve,barbiergeorges@example.net,,"Prévoyance, Vie"
CLI01031,Charles,Adrienne,59,Agriculteur,,leclercqmarc@example.com,+33 (0)3 83 05 92 70,"Auto, Santé, Prévoyance"
CLI01032,Fischer,Lucas,38,Consultant,Marié(e),macealice@example.com,,"Vie, Épargne, Habitation"
CLI01033,Roger,Sophie,77,Consultant,Marié(e),nlemonnier@example.org,+33 (0)1 80 83 87 56,
CLI01034,Joly,Mathilde,26,Étudiant,Célibataire,,05 24 15 49 13,"Auto, Épargne"
CLI01035,Pottier,Dominique,55,Artiste,En couple,jean11@example.net,0519134109,"Vie, Prévoyance"
CLI01036,Gautier,Maurice,47,Avocat,Veuf/Veuve,dianedevaux@example.org,+33 (0)2 58 29 74 41,"Auto, Santé"
CLI01037,Toussaint,Henriette,66,Consultant,Célibataire,sebastien02@example.org,+33 (0)1 42 01 95 95,
CLI01038,Antoine,Margaux,19,,Divorcé(e),thibaultlaporte@example.com,0277528164,"Habitation, Prévoyance, Vie"
CLI01039,Barbier,Marcelle,41,,Divorcé(e),,+33 (0)5 31 35 52 57,"Auto, Santé"
CLI01040,Boyer,Andrée,68,Architecte,Marié(e),alexandria39@example.com,02 29 31 95 35,Retraite
CLI01041,Weiss,Hugues,38,Chauffeur,Divorcé(e),,+33 (0)2 51 72 80 17,"Retraite, Santé"
CLI01042,Boucher,Bernadette,73,,Célibataire,wgay@example.com,0156863594,"Épargne, Habitation"
CLI01043,Gomez,Vincent,19,Entrepreneur,,xseguin@example.net,,"Prévoyance, Santé, Habitation, Retraite"
CLI01044,Roche,Adélaïde,79,Fonctionnaire,Marié(e),valentine90@example.net,,"Épargne, Prévoyance"
CLI01045,Pruvost,Anastasie,62,Comptable,En couple,arnaudebernard@example.com,+33 (0)1 79 24 57 77,Épargne
CLI01046,Vasseur,Laetitia,61,Avocat,,stephanie40@example.org,+33 (0)5 63 88 13 26,Santé
CLI01047,Joly,Philippe,41,Étudiant,,,+33 (0)3 22 81 73 20,"Prévoyance, Vie"
CLI01048,Vidal,David,39,,Marié(e),dupuisceline@example.net,,"Prévoyance, Épargne"
CLI01049,Pires,Emmanuelle,60,Commercial,,marthelegrand@example.org,03 64 19 54 00,"Santé, Habitation"
